SITE,DATE,STAGE,CLASS_Z,TRANSECT_POINT,NORTHING,EASTING,ENVIRON,DIST_FPL_m,LOCATION,DEPTH_m,D13C_CH4,D13C_CO2,WATER_TC,WATER_TK,COND,PH,ORP,REDOX_ORP,CHL_mgL,O2_PERCENT,O2_mgL,PCO2_uatm,PCH4_uatm,D13C_DIC,D18O_O2,O2_Ar,PHOSPHATE_uM,SILICA_uM,NITRATE_uM,NITRITE_uM,AMMONIUM_uM,UNDERWATER_d
AnRe.1,10/4/15,High,Surface,1,12.65388,104.16687,Pelagic,-1960,Central,0.1,-58.881,-35.726,29.88,303.03,0.013,6.76,126.9,Sulfate reduction,3.4,48.5,3.68,12019.229,8.18,-15.68,25.87,10.82,0.41,336.83,10.27,0.66,2.66,365
AnRe.1,10/4/15,High,Surface,1,12.65388,104.16687,Pelagic,-1960,Central,0.1,-86.918,-35.484,29.88,303.03,0.013,6.76,126.9,Sulfate reduction,3.4,48.5,3.68,12196.806,7.8,-14.99,26.1,10.88,0.41,336.83,10.27,0.66,2.66,365
AnRe.1,10/4/15,High,Surface,1,12.65388,104.16687,Pelagic,-1960,Central,0.1,-93.287,-34.839,29.88,303.03,0.013,6.76,126.9,Sulfate reduction,3.4,48.5,3.68,11910.753,NA,-15.11,25.78,10.94,0.41,336.83,10.27,0.66,2.66,365
AnRe.1,10/4/15,High,NA,NA,NA,NA,NA,NA,NA,NA,NA,NA,NA,NA,NA,NA,NA,NA,NA,NA,NA,NA,NA,NA,NA,NA,NA,NA,NA,NA,NA,365
AnRe.1,10/4/15,High,NA,NA,NA,NA,NA,NA,NA,NA,NA,NA,NA,NA,NA,NA,NA,NA,NA,NA,NA,NA,NA,NA,NA,NA,NA,NA,NA,NA,NA,365
AnRe.1,10/4/15,High,NA,NA,NA,NA,NA,NA,NA,NA,NA,NA,NA,NA,NA,NA,NA,NA,NA,NA,NA,NA,NA,NA,NA,NA,NA,NA,NA,NA,NA,365
AnRe.1,10/4/15,High,NA,NA,NA,NA,NA,NA,NA,NA,NA,NA,NA,NA,NA,NA,NA,NA,NA,NA,NA,NA,NA,NA,NA,NA,NA,NA,NA,NA,NA,365
AnRe.1,10/4/15,High,NA,NA,NA,NA,NA,NA,NA,NA,NA,NA,NA,NA,NA,NA,NA,NA,NA,NA,NA,NA,NA,NA,NA,NA,NA,NA,NA,NA,NA,365
AnRe.1,10/4/15,High,NA,NA,NA,NA,NA,NA,NA,NA,NA,NA,NA,NA,NA,NA,NA,NA,NA,NA,NA,NA,NA,NA,NA,NA,NA,NA,NA,NA,NA,365
AnRe.1,10/4/15,High,NA,NA,NA,NA,NA,NA,NA,NA,NA,NA,NA,NA,NA,NA,NA,NA,NA,NA,NA,NA,NA,NA,NA,NA,NA,NA,NA,NA,NA,365
AnRe.1,10/4/15,High,NA,NA,NA,NA,NA,NA,NA,NA,NA,NA,NA,NA,NA,NA,NA,NA,NA,NA,NA,NA,NA,NA,NA,NA,NA,NA,NA,NA,NA,365
AnRe.1,10/4/15,High,NA,NA,NA,NA,NA,NA,NA,NA,NA,NA,NA,NA,NA,NA,NA,NA,NA,NA,NA,NA,NA,NA,NA,NA,NA,NA,NA,NA,NA,365
AnRe.1,10/4/15,High,NA,NA,NA,NA,NA,NA,NA,NA,NA,NA,NA,NA,NA,NA,NA,NA,NA,NA,NA,NA,NA,NA,NA,NA,NA,NA,NA,NA,NA,365
AnRe.1,10/4/15,High,Bottom,1,12.65388,104.16687,Pelagic,-1960,Central,4.5,-65.787,-34.624,29.88,303.03,0.013,6.9,111.2,Sulfate reduction,3.5,46.9,3.55,9198.502,6.85,-15.51,26.61,11.04,0.61,335,13.73,1.03,2.61,365
AnRe.1,10/4/15,High,Bottom,1,12.65388,104.16687,Pelagic,-1960,Central,4.5,-78.234,-34.508,29.88,303.03,0.013,6.9,111.2,Sulfate reduction,3.5,46.9,3.55,9487.946,7.19,-15.01,26.17,11.07,0.61,335,13.73,1.03,2.61,365
AnRe.1,10/4/15,High,Bottom,1,12.65388,104.16687,Pelagic,-1960,Central,4.5,-89.624,-34.633,29.88,303.03,0.013,6.9,111.2,Sulfate reduction,3.5,46.9,3.55,9584.218,8.02,-16.09,26.76,10.66,0.61,335,13.73,1.03,2.61,365
AnRe.2,10/4/15,High,Surface,2,12.65222,104.14899,Edge,0,Central,0.1,-14.181,-30.402,30.31,303.46,0.01,7.34,136,Sulfate reduction,7.5,40,3,4067.626,207.81,-16.56,24.78,3.94,0.2,356.697,0.464,0.173,1.187,301
AnRe.2,10/4/15,High,Surface,2,12.65222,104.14899,Edge,0,Central,0.1,-16.516,-28.773,30.31,303.46,0.01,7.34,136,Sulfate reduction,7.5,40,3,3848.666,212.04,-16.26,24.96,4.33,0.2,356.697,0.464,0.173,1.187,301
AnRe.2,10/4/15,High,Surface,2,12.65222,104.14899,Edge,0,Central,0.1,-20.229,-28.929,30.31,303.46,0.01,7.34,136,Sulfate reduction,7.5,40,3,3645.865,182.39,NA,NA,NA,0.2,356.697,0.464,0.173,1.187,301
AnRe.2,10/4/15,High,NA,NA,NA,NA,NA,NA,NA,NA,NA,NA,NA,NA,NA,NA,NA,NA,NA,NA,NA,NA,NA,NA,NA,NA,NA,NA,NA,NA,NA,301
AnRe.2,10/4/15,High,NA,NA,NA,NA,NA,NA,NA,NA,NA,NA,NA,NA,NA,NA,NA,NA,NA,NA,NA,NA,NA,NA,NA,NA,NA,NA,NA,NA,NA,301
AnRe.2,10/4/15,High,NA,NA,NA,NA,NA,NA,NA,NA,NA,NA,NA,NA,NA,NA,NA,NA,NA,NA,NA,NA,NA,NA,NA,NA,NA,NA,NA,NA,NA,301
AnRe.2,10/4/15,High,NA,NA,NA,NA,NA,NA,NA,NA,NA,NA,NA,NA,NA,NA,NA,NA,NA,NA,NA,NA,NA,NA,NA,NA,NA,NA,NA,NA,NA,301
AnRe.2,10/4/15,High,NA,NA,NA,NA,NA,NA,NA,NA,NA,NA,NA,NA,NA,NA,NA,NA,NA,NA,NA,NA,NA,NA,NA,NA,NA,NA,NA,NA,NA,301
AnRe.2,10/4/15,High,NA,NA,NA,NA,NA,NA,NA,NA,NA,NA,NA,NA,NA,NA,NA,NA,NA,NA,NA,NA,NA,NA,NA,NA,NA,NA,NA,NA,NA,301
AnRe.2,10/4/15,High,NA,NA,NA,NA,NA,NA,NA,NA,NA,NA,NA,NA,NA,NA,NA,NA,NA,NA,NA,NA,NA,NA,NA,NA,NA,NA,NA,NA,NA,301
AnRe.2,10/4/15,High,NA,NA,NA,NA,NA,NA,NA,NA,NA,NA,NA,NA,NA,NA,NA,NA,NA,NA,NA,NA,NA,NA,NA,NA,NA,NA,NA,NA,NA,301
AnRe.2,10/4/15,High,NA,NA,NA,NA,NA,NA,NA,NA,NA,NA,NA,NA,NA,NA,NA,NA,NA,NA,NA,NA,NA,NA,NA,NA,NA,NA,NA,NA,NA,301
AnRe.2,10/4/15,High,Bottom,2,12.65222,104.14899,Edge,0,Central,3,-53.265,-45.248,29.39,302.54,0.01,6.28,-229.2,Sulfate reduction,10.2,3.1,0.23,8281.42,23217.58,-16.3,25.67,3.94,0.539,359.688,29.368,0.571,2.801,301
AnRe.2,10/4/15,High,Bottom,2,12.65222,104.14899,Edge,0,Central,3,-54.325,-47.243,29.39,302.54,0.01,6.28,-229.2,Sulfate reduction,10.2,3.1,0.23,8532.93,24440.94,-18.02,26.47,4.21,0.539,359.688,29.368,0.571,2.801,301
AnRe.2,10/4/15,High,Bottom,2,12.65222,104.14899,Edge,0,Central,3,-53.354,-46.976,29.39,302.54,0.01,6.28,-229.2,Sulfate reduction,10.2,3.1,0.23,8907.524,29647.5,-16.92,25.26,4.37,0.539,359.688,29.368,0.571,2.801,301
AnRe.3,10/4/15,High,Surface,3,12.64567,101.14134,Floodplain,1100,Central,0.1,-46.428,-65.762,28.94,302.09,0.006,6.34,-107,Sulfate reduction,10.6,5.4,0.41,7109.599,40959.44,NA,NA,NA,0.097,473.297,0.135,0.186,6.52,251
AnRe.3,10/4/15,High,Surface,3,12.64567,101.14134,Floodplain,1100,Central,0.1,-46.522,-61.332,28.94,302.09,0.006,6.34,-107,Sulfate reduction,10.6,5.4,0.41,6494.797,40694.73,NA,NA,NA,0.097,473.297,0.135,0.186,6.52,251
AnRe.3,10/4/15,High,Surface,3,12.64567,101.14134,Floodplain,1100,Central,0.1,-46.391,-59.901,28.94,302.09,0.006,6.34,-107,Sulfate reduction,10.6,5.4,0.41,6513.403,39609.71,NA,NA,NA,0.097,473.297,0.135,0.186,6.52,251
AnRe.3,10/4/15,High,NA,NA,NA,NA,NA,NA,NA,NA,NA,NA,NA,NA,NA,NA,NA,NA,NA,NA,NA,NA,NA,NA,NA,NA,NA,NA,NA,NA,NA,251
AnRe.3,10/4/15,High,NA,NA,NA,NA,NA,NA,NA,NA,NA,NA,NA,NA,NA,NA,NA,NA,NA,NA,NA,NA,NA,NA,NA,NA,NA,NA,NA,NA,NA,251
AnRe.3,10/4/15,High,NA,NA,NA,NA,NA,NA,NA,NA,NA,NA,NA,NA,NA,NA,NA,NA,NA,NA,NA,NA,NA,NA,NA,NA,NA,NA,NA,NA,NA,251
AnRe.3,10/4/15,High,NA,NA,NA,NA,NA,NA,NA,NA,NA,NA,NA,NA,NA,NA,NA,NA,NA,NA,NA,NA,NA,NA,NA,NA,NA,NA,NA,NA,NA,251
AnRe.3,10/4/15,High,NA,NA,NA,NA,NA,NA,NA,NA,NA,NA,NA,NA,NA,NA,NA,NA,NA,NA,NA,NA,NA,NA,NA,NA,NA,NA,NA,NA,NA,251
AnRe.3,10/4/15,High,NA,NA,NA,NA,NA,NA,NA,NA,NA,NA,NA,NA,NA,NA,NA,NA,NA,NA,NA,NA,NA,NA,NA,NA,NA,NA,NA,NA,NA,251
AnRe.3,10/4/15,High,NA,NA,NA,NA,NA,NA,NA,NA,NA,NA,NA,NA,NA,NA,NA,NA,NA,NA,NA,NA,NA,NA,NA,NA,NA,NA,NA,NA,NA,251
AnRe.3,10/4/15,High,NA,NA,NA,NA,NA,NA,NA,NA,NA,NA,NA,NA,NA,NA,NA,NA,NA,NA,NA,NA,NA,NA,NA,NA,NA,NA,NA,NA,NA,251
AnRe.3,10/4/15,High,NA,NA,NA,NA,NA,NA,NA,NA,NA,NA,NA,NA,NA,NA,NA,NA,NA,NA,NA,NA,NA,NA,NA,NA,NA,NA,NA,NA,NA,251
AnRe.3,10/4/15,High,Bottom,3,12.64567,101.14134,Floodplain,1100,Central,1.5,-49.261,-43.057,28.79,301.94,0.006,5.96,-194.9,Sulfate reduction,7.7,3.5,0.27,9715.854,39546.36,NA,NA,NA,0.117,368.163,0.14,0.252,15.44,251
AnRe.3,10/4/15,High,Bottom,3,12.64567,101.14134,Floodplain,1100,Central,1.5,-49.978,-43.536,28.79,301.94,0.006,5.96,-194.9,Sulfate reduction,7.7,3.5,0.27,9837.467,19716.26,NA,NA,NA,0.117,368.163,0.14,0.252,15.44,251
AnRe.3,10/4/15,High,Bottom,3,12.64567,101.14134,Floodplain,1100,Central,1.5,-49.909,-42.629,28.79,301.94,0.006,5.96,-194.9,Sulfate reduction,7.7,3.5,0.27,10032.263,33460.51,NA,NA,NA,0.117,368.163,0.14,0.252,15.44,251
AnRe.4,10/4/15,High,Surface,4,12.64003,104.13542,Floodplain,2010,Central,0.1,-40.679,-42.393,28.38,301.53,0.006,6.17,113.9,Sulfate reduction,9.9,9.7,0.75,5208.66,227.35,NA,NA,NA,0.22,395.377,0,0.358,0.995,166
AnRe.4,10/4/15,High,Surface,4,12.64003,104.13542,Floodplain,2010,Central,0.1,0.742,-40.684,28.38,301.53,0.006,6.17,113.9,Sulfate reduction,9.9,9.7,0.75,5597.446,151.14,NA,NA,NA,0.22,395.377,0,0.358,0.995,166
AnRe.4,10/4/15,High,Surface,4,12.64003,104.13542,Floodplain,2010,Central,0.1,6.876,-39.703,28.38,301.53,0.006,6.17,113.9,Sulfate reduction,9.9,9.7,0.75,5687.92,142.42,NA,NA,NA,0.22,395.377,0,0.358,0.995,166
AnRe.4,10/4/15,High,NA,NA,NA,NA,NA,NA,NA,NA,NA,NA,NA,NA,NA,NA,NA,NA,NA,NA,NA,NA,NA,NA,NA,NA,NA,NA,NA,NA,NA,166
AnRe.4,10/4/15,High,NA,NA,NA,NA,NA,NA,NA,NA,NA,NA,NA,NA,NA,NA,NA,NA,NA,NA,NA,NA,NA,NA,NA,NA,NA,NA,NA,NA,NA,166
AnRe.4,10/4/15,High,NA,NA,NA,NA,NA,NA,NA,NA,NA,NA,NA,NA,NA,NA,NA,NA,NA,NA,NA,NA,NA,NA,NA,NA,NA,NA,NA,NA,NA,166
AnRe.4,10/4/15,High,NA,NA,NA,NA,NA,NA,NA,NA,NA,NA,NA,NA,NA,NA,NA,NA,NA,NA,NA,NA,NA,NA,NA,NA,NA,NA,NA,NA,NA,166
AnRe.4,10/4/15,High,NA,NA,NA,NA,NA,NA,NA,NA,NA,NA,NA,NA,NA,NA,NA,NA,NA,NA,NA,NA,NA,NA,NA,NA,NA,NA,NA,NA,NA,166
AnRe.4,10/4/15,High,NA,NA,NA,NA,NA,NA,NA,NA,NA,NA,NA,NA,NA,NA,NA,NA,NA,NA,NA,NA,NA,NA,NA,NA,NA,NA,NA,NA,NA,166
AnRe.4,10/4/15,High,NA,NA,NA,NA,NA,NA,NA,NA,NA,NA,NA,NA,NA,NA,NA,NA,NA,NA,NA,NA,NA,NA,NA,NA,NA,NA,NA,NA,NA,166
AnRe.4,10/4/15,High,NA,NA,NA,NA,NA,NA,NA,NA,NA,NA,NA,NA,NA,NA,NA,NA,NA,NA,NA,NA,NA,NA,NA,NA,NA,NA,NA,NA,NA,166
AnRe.4,10/4/15,High,NA,NA,NA,NA,NA,NA,NA,NA,NA,NA,NA,NA,NA,NA,NA,NA,NA,NA,NA,NA,NA,NA,NA,NA,NA,NA,NA,NA,NA,166
AnRe.4,10/4/15,High,Bottom,4,12.64003,104.13542,Floodplain,2010,Central,3,-50.613,-58.843,27.85,301,0.007,6.09,-185.2,Methanogenesis,7.3,3.1,0.24,8128.533,18035.13,NA,NA,NA,0.222,308.313,0,0.365,4.831,166
AnRe.4,10/4/15,High,Bottom,4,12.64003,104.13542,Floodplain,2010,Central,3,-50.572,-55.746,27.85,301,0.007,6.09,-185.2,Methanogenesis,7.3,3.1,0.24,8445.252,19758.69,NA,NA,NA,0.222,308.313,0,0.365,4.831,166
AnRe.4,10/4/15,High,Bottom,4,12.64003,104.13542,Floodplain,2010,Central,3,-50.483,-57.704,27.85,301,0.007,6.09,-185.2,Methanogenesis,7.3,3.1,0.24,7654.32,17243.9,NA,NA,NA,0.222,308.313,0,0.365,4.831,166
AnRe.5,10/4/15,High,Surface,5,12.63007,104.12852,Floodplain,3290,Central,0.1,-10.785,-30.338,29.14,302.29,0.006,6.28,165,Iron reduction,8.1,14.5,1.11,5276.285,566.61,NA,NA,NA,0.136,257.277,0.195,0.277,2.039,98
AnRe.5,10/4/15,High,Surface,5,12.63007,104.12852,Floodplain,3290,Central,0.1,-61.852,-11.748,29.14,302.29,0.006,6.28,165,Iron reduction,8.1,14.5,1.11,5123.746,605.88,NA,NA,NA,0.136,257.277,0.195,0.277,2.039,98
AnRe.5,10/4/15,High,Surface,5,12.63007,104.12852,Floodplain,3290,Central,0.1,-7.774,-41.959,29.14,302.29,0.006,6.28,165,Iron reduction,8.1,14.5,1.11,5158.261,510.85,NA,NA,NA,0.136,257.277,0.195,0.277,2.039,98
AnRe.5,10/4/15,High,NA,NA,NA,NA,NA,NA,NA,NA,NA,NA,NA,NA,NA,NA,NA,NA,NA,NA,NA,NA,NA,NA,NA,NA,NA,NA,NA,NA,NA,98
AnRe.5,10/4/15,High,NA,NA,NA,NA,NA,NA,NA,NA,NA,NA,NA,NA,NA,NA,NA,NA,NA,NA,NA,NA,NA,NA,NA,NA,NA,NA,NA,NA,NA,98
AnRe.5,10/4/15,High,NA,NA,NA,NA,NA,NA,NA,NA,NA,NA,NA,NA,NA,NA,NA,NA,NA,NA,NA,NA,NA,NA,NA,NA,NA,NA,NA,NA,NA,98
AnRe.5,10/4/15,High,NA,NA,NA,NA,NA,NA,NA,NA,NA,NA,NA,NA,NA,NA,NA,NA,NA,NA,NA,NA,NA,NA,NA,NA,NA,NA,NA,NA,NA,98
AnRe.5,10/4/15,High,NA,NA,NA,NA,NA,NA,NA,NA,NA,NA,NA,NA,NA,NA,NA,NA,NA,NA,NA,NA,NA,NA,NA,NA,NA,NA,NA,NA,NA,98
AnRe.5,10/4/15,High,NA,NA,NA,NA,NA,NA,NA,NA,NA,NA,NA,NA,NA,NA,NA,NA,NA,NA,NA,NA,NA,NA,NA,NA,NA,NA,NA,NA,NA,98
AnRe.5,10/4/15,High,NA,NA,NA,NA,NA,NA,NA,NA,NA,NA,NA,NA,NA,NA,NA,NA,NA,NA,NA,NA,NA,NA,NA,NA,NA,NA,NA,NA,NA,98
AnRe.5,10/4/15,High,NA,NA,NA,NA,NA,NA,NA,NA,NA,NA,NA,NA,NA,NA,NA,NA,NA,NA,NA,NA,NA,NA,NA,NA,NA,NA,NA,NA,NA,98
AnRe.5,10/4/15,High,NA,NA,NA,NA,NA,NA,NA,NA,NA,NA,NA,NA,NA,NA,NA,NA,NA,NA,NA,NA,NA,NA,NA,NA,NA,NA,NA,NA,NA,98
AnRe.5,10/4/15,High,Bottom,5,12.63007,104.12852,Floodplain,3290,Central,1.25,-49.31,-45.54,27.9,301.05,0.006,5.51,-108.6,Sulfate reduction,8.4,3.4,0.27,7226.551,8398.26,NA,NA,NA,0.148,229.661,0,0.223,7.177,98
AnRe.5,10/4/15,High,Bottom,5,12.63007,104.12852,Floodplain,3290,Central,1.25,-48.533,-45.516,27.9,301.05,0.006,5.51,-108.6,Sulfate reduction,8.4,3.4,0.27,7098.678,8736.89,NA,NA,NA,0.148,229.661,0,0.223,7.177,98
AnRe.5,10/4/15,High,Bottom,5,12.63007,104.12852,Floodplain,3290,Central,1.25,-48.56,-44.293,27.9,301.05,0.006,5.51,-108.6,Sulfate reduction,8.4,3.4,0.27,7261.917,8138.76,NA,NA,NA,0.148,229.661,0,0.223,7.177,98
AnRe.6,10/4/15,High,Surface,6,12.6254,104.12143,Floodplain,4250,Central,0.1,-40.202,-39.629,29.68,302.83,0.006,6.03,162.9,Iron reduction,7.6,38.5,2.93,3280.008,1023.74,-21.32,26.91,9.75,0.186,126.596,0.006,0.224,1.994,54
AnRe.6,10/4/15,High,Surface,6,12.6254,104.12143,Floodplain,4250,Central,0.1,-38.978,-42.432,29.68,302.83,0.003,6.03,162.9,Iron reduction,7.6,38.5,2.93,3251.973,882.16,-20.99,26.94,9.4,0.186,126.596,0.006,0.224,1.994,54
AnRe.6,10/4/15,High,Surface,6,12.6254,104.12143,Floodplain,4250,Central,0.1,-39.391,-37.073,29.68,302.83,0.003,6.03,162.9,Iron reduction,7.6,38.5,2.93,2957.65,713.58,-22.53,26.63,9.71,0.186,126.596,0.006,0.224,1.994,54
AnRe.6,10/4/15,High,NA,NA,NA,NA,NA,NA,NA,NA,NA,NA,NA,NA,NA,NA,NA,NA,NA,NA,NA,NA,NA,NA,NA,NA,NA,NA,NA,NA,NA,54
AnRe.6,10/4/15,High,NA,NA,NA,NA,NA,NA,NA,NA,NA,NA,NA,NA,NA,NA,NA,NA,NA,NA,NA,NA,NA,NA,NA,NA,NA,NA,NA,NA,NA,54
AnRe.6,10/4/15,High,NA,NA,NA,NA,NA,NA,NA,NA,NA,NA,NA,NA,NA,NA,NA,NA,NA,NA,NA,NA,NA,NA,NA,NA,NA,NA,NA,NA,NA,54
AnRe.6,10/4/15,High,NA,NA,NA,NA,NA,NA,NA,NA,NA,NA,NA,NA,NA,NA,NA,NA,NA,NA,NA,NA,NA,NA,NA,NA,NA,NA,NA,NA,NA,54
AnRe.6,10/4/15,High,Bottom,6,12.6254,104.12143,Floodplain,4250,Central,0.75,-37.158,-41.555,29.37,302.52,0.003,5.39,168,Iron reduction,9.2,33.7,2.58,NA,NA,-22.35,26.9,6.26,0.211,100.043,0.017,0.346,4.772,54
AnRe.6,10/4/15,High,Bottom,6,12.6254,104.12143,Floodplain,4250,Central,0.75,-46.86,-40.385,29.37,302.52,0.003,5.39,168,Iron reduction,9.2,33.7,2.58,NA,NA,-22.5,25.94,6.29,0.211,100.043,0.017,0.346,4.772,54
AnRe.6,10/4/15,High,Bottom,6,12.6254,104.12143,Floodplain,4250,Central,0.75,-47.228,-42.125,29.37,302.52,0.003,5.39,168,Iron reduction,9.2,33.7,2.58,NA,NA,-22.62,24.87,9.61,0.211,100.043,0.017,0.346,4.772,54
KaPr.1,10/25/15,High,Surface,1,12.51286,104.48435,Pelagic,-390,Southwest,0.1,-36.961,-22.644,31.79,304.94,0.011,7.15,138.9,Sulfate reduction,3.5,80.1,5.89,8899.073,114.86,-12.7,19.16,15.45,0.489,219.153,0.755,0.114,26.16,327
KaPr.1,10/25/15,High,Surface,1,12.51286,104.48435,Pelagic,-390,Southwest,0.1,-31.643,-35.135,31.79,304.94,0.011,7.15,138.9,Sulfate reduction,3.5,80.1,5.89,9621.195,136.04,-12.72,19.2,15.61,0.489,219.153,0.755,0.114,26.16,327
KaPr.1,10/25/15,High,Surface,1,12.51286,104.48435,Pelagic,-390,Southwest,0.1,-31.518,-35.153,31.79,304.94,0.011,7.15,138.9,Sulfate reduction,3.5,80.1,5.89,10043.278,157.97,-12.84,18.85,15.55,0.489,219.153,0.755,0.114,26.16,327
KaPr.1,10/25/15,High,NA,NA,NA,NA,NA,NA,NA,NA,NA,NA,NA,NA,NA,NA,NA,NA,NA,NA,NA,NA,NA,NA,NA,NA,NA,NA,NA,NA,NA,327
KaPr.1,10/25/15,High,NA,NA,NA,NA,NA,NA,NA,NA,NA,NA,NA,NA,NA,NA,NA,NA,NA,NA,NA,NA,NA,NA,NA,NA,NA,NA,NA,NA,NA,327
KaPr.1,10/25/15,High,NA,NA,NA,NA,NA,NA,NA,NA,NA,NA,NA,NA,NA,NA,NA,NA,NA,NA,NA,NA,NA,NA,NA,NA,NA,NA,NA,NA,NA,327
KaPr.1,10/25/15,High,NA,NA,NA,NA,NA,NA,NA,NA,NA,NA,NA,NA,NA,NA,NA,NA,NA,NA,NA,NA,NA,NA,NA,NA,NA,NA,NA,NA,NA,327
KaPr.1,10/25/15,High,NA,NA,NA,NA,NA,NA,NA,NA,NA,NA,NA,NA,NA,NA,NA,NA,NA,NA,NA,NA,NA,NA,NA,NA,NA,NA,NA,NA,NA,327
KaPr.1,10/25/15,High,NA,NA,NA,NA,NA,NA,NA,NA,NA,NA,NA,NA,NA,NA,NA,NA,NA,NA,NA,NA,NA,NA,NA,NA,NA,NA,NA,NA,NA,327
KaPr.1,10/25/15,High,NA,NA,NA,NA,NA,NA,NA,NA,NA,NA,NA,NA,NA,NA,NA,NA,NA,NA,NA,NA,NA,NA,NA,NA,NA,NA,NA,NA,NA,327
KaPr.1,10/25/15,High,NA,NA,NA,NA,NA,NA,NA,NA,NA,NA,NA,NA,NA,NA,NA,NA,NA,NA,NA,NA,NA,NA,NA,NA,NA,NA,NA,NA,NA,327
KaPr.1,10/25/15,High,NA,NA,NA,NA,NA,NA,NA,NA,NA,NA,NA,NA,NA,NA,NA,NA,NA,NA,NA,NA,NA,NA,NA,NA,NA,NA,NA,NA,NA,327
KaPr.1,10/25/15,High,Bottom,1,12.51286,104.48435,Pelagic,-390,Southwest,5,-35.198,-37.89,30.55,303.7,0.011,7,201.7,Iron reduction,4,73.1,5.47,9271.494,168.66,-12.2,22.61,14.85,0.658,257.209,1.226,0.303,37.92,327
KaPr.1,10/25/15,High,Bottom,1,12.51286,104.48435,Pelagic,-390,Southwest,5,-34.909,-35.126,30.55,303.7,0.011,7,201.7,Iron reduction,4,73.1,5.47,9169.12,148,-12.04,22.74,15.08,0.658,257.209,1.226,0.303,37.92,327
KaPr.1,10/25/15,High,Bottom,1,12.51286,104.48435,Pelagic,-390,Southwest,5,-34.092,-36.663,30.55,303.7,0.011,7,201.7,Iron reduction,4,73.1,5.47,8659.142,129.36,-12.59,22.04,14.81,0.658,257.209,1.226,0.303,37.92,327
KaPr.2,10/25/15,High,Surface,2,12.51012,104.48435,Edge,0,Southwest,0.1,-23.655,-38.148,30.64,303.79,0.011,6.55,149,Iron reduction,3.9,27.1,2.03,14089.33,270.15,-14.46,22.37,8.44,0.589,249.882,1.704,0.145,8.299,301
KaPr.2,10/25/15,High,Surface,2,12.51012,104.48435,Edge,0,Southwest,0.1,-23.341,-37.414,30.64,303.79,0.011,6.55,149,Iron reduction,3.9,27.1,2.03,13993.188,252.65,-14.79,21.82,8.62,0.589,249.882,1.704,0.145,8.299,301
KaPr.2,10/25/15,High,Surface,2,12.51012,104.48435,Edge,0,Southwest,0.1,-23.375,-37.305,30.64,303.79,0.011,6.55,149,Iron reduction,3.9,27.1,2.03,14397.127,241.05,-14.97,21.84,8.49,0.589,249.882,1.704,0.145,8.299,301
KaPr.2,10/25/15,High,NA,NA,NA,NA,NA,NA,NA,NA,NA,NA,NA,NA,NA,NA,NA,NA,NA,NA,NA,NA,NA,NA,NA,NA,NA,NA,NA,NA,NA,301
KaPr.2,10/25/15,High,NA,NA,NA,NA,NA,NA,NA,NA,NA,NA,NA,NA,NA,NA,NA,NA,NA,NA,NA,NA,NA,NA,NA,NA,NA,NA,NA,NA,NA,301
KaPr.2,10/25/15,High,NA,NA,NA,NA,NA,NA,NA,NA,NA,NA,NA,NA,NA,NA,NA,NA,NA,NA,NA,NA,NA,NA,NA,NA,NA,NA,NA,NA,NA,301
KaPr.2,10/25/15,High,NA,NA,NA,NA,NA,NA,NA,NA,NA,NA,NA,NA,NA,NA,NA,NA,NA,NA,NA,NA,NA,NA,NA,NA,NA,NA,NA,NA,NA,301
KaPr.2,10/25/15,High,NA,NA,NA,NA,NA,NA,NA,NA,NA,NA,NA,NA,NA,NA,NA,NA,NA,NA,NA,NA,NA,NA,NA,NA,NA,NA,NA,NA,NA,301
KaPr.2,10/25/15,High,NA,NA,NA,NA,NA,NA,NA,NA,NA,NA,NA,NA,NA,NA,NA,NA,NA,NA,NA,NA,NA,NA,NA,NA,NA,NA,NA,NA,NA,301
KaPr.2,10/25/15,High,NA,NA,NA,NA,NA,NA,NA,NA,NA,NA,NA,NA,NA,NA,NA,NA,NA,NA,NA,NA,NA,NA,NA,NA,NA,NA,NA,NA,NA,301
KaPr.2,10/25/15,High,NA,NA,NA,NA,NA,NA,NA,NA,NA,NA,NA,NA,NA,NA,NA,NA,NA,NA,NA,NA,NA,NA,NA,NA,NA,NA,NA,NA,NA,301
KaPr.2,10/25/15,High,NA,NA,NA,NA,NA,NA,NA,NA,NA,NA,NA,NA,NA,NA,NA,NA,NA,NA,NA,NA,NA,NA,NA,NA,NA,NA,NA,NA,NA,301
KaPr.2,10/25/15,High,Bottom,2,12.51012,104.48435,Edge,0,Southwest,2.75,-33.904,-36.942,30.67,303.82,0.011,6.65,104.3,Sulfate reduction,3.1,24.5,1.83,14657.258,302.84,NA,NA,NA,0.884,253.899,2.524,0.151,9.503,301
KaPr.2,10/25/15,High,Bottom,2,12.51012,104.48435,Edge,0,Southwest,2.75,-34.067,-38.254,30.67,303.82,0.011,6.65,104.3,Sulfate reduction,3.1,24.5,1.83,15351.096,327.91,-15.409,22.531,7.863,0.884,253.899,2.524,0.151,9.503,301
KaPr.2,10/25/15,High,Bottom,2,12.51012,104.48435,Edge,0,Southwest,2.75,-35.13,-37.879,30.67,303.82,0.011,6.65,104.3,Sulfate reduction,3.1,24.5,1.83,15102.093,342.33,-15.516,21.903,7.972,0.884,253.899,2.524,0.151,9.503,301
KaPr.3,10/25/15,High,Surface,3,12.50553,104.47363,Floodplain,1310,Southwest,0.1,-28.863,-38.382,30.84,303.99,0.012,6.56,62.4,Sulfate reduction,4.7,27.3,2.03,13642.491,820.2,-15.027,22.348,8.18,0.34,270.034,0.504,0.09,11.958,244
KaPr.3,10/25/15,High,Surface,3,12.50553,104.47363,Floodplain,1310,Southwest,0.1,-23.755,-37.26,30.84,303.99,0.012,6.56,62.4,Sulfate reduction,4.7,27.3,2.03,14547.216,853.01,NA,NA,NA,0.34,270.034,0.504,0.09,11.958,244
KaPr.3,10/25/15,High,Surface,3,12.50553,104.47363,Floodplain,1310,Southwest,0.1,-22.676,-39.149,30.84,303.99,0.012,6.56,62.4,Sulfate reduction,4.7,27.3,2.03,14024.659,956.92,NA,NA,NA,0.34,270.034,0.504,0.09,11.958,244
KaPr.3,10/25/15,High,NA,NA,NA,NA,NA,NA,NA,NA,NA,NA,NA,NA,NA,NA,NA,NA,NA,NA,NA,NA,NA,NA,NA,NA,NA,NA,NA,NA,NA,244
KaPr.3,10/25/15,High,NA,NA,NA,NA,NA,NA,NA,NA,NA,NA,NA,NA,NA,NA,NA,NA,NA,NA,NA,NA,NA,NA,NA,NA,NA,NA,NA,NA,NA,244
KaPr.3,10/25/15,High,NA,NA,NA,NA,NA,NA,NA,NA,NA,NA,NA,NA,NA,NA,NA,NA,NA,NA,NA,NA,NA,NA,NA,NA,NA,NA,NA,NA,NA,244
KaPr.3,10/25/15,High,NA,NA,NA,NA,NA,NA,NA,NA,NA,NA,NA,NA,NA,NA,NA,NA,NA,NA,NA,NA,NA,NA,NA,NA,NA,NA,NA,NA,NA,244
KaPr.3,10/25/15,High,NA,NA,NA,NA,NA,NA,NA,NA,NA,NA,NA,NA,NA,NA,NA,NA,NA,NA,NA,NA,NA,NA,NA,NA,NA,NA,NA,NA,NA,244
KaPr.3,10/25/15,High,NA,NA,NA,NA,NA,NA,NA,NA,NA,NA,NA,NA,NA,NA,NA,NA,NA,NA,NA,NA,NA,NA,NA,NA,NA,NA,NA,NA,NA,244
KaPr.3,10/25/15,High,NA,NA,NA,NA,NA,NA,NA,NA,NA,NA,NA,NA,NA,NA,NA,NA,NA,NA,NA,NA,NA,NA,NA,NA,NA,NA,NA,NA,NA,244
KaPr.3,10/25/15,High,NA,NA,NA,NA,NA,NA,NA,NA,NA,NA,NA,NA,NA,NA,NA,NA,NA,NA,NA,NA,NA,NA,NA,NA,NA,NA,NA,NA,NA,244
KaPr.3,10/25/15,High,NA,NA,NA,NA,NA,NA,NA,NA,NA,NA,NA,NA,NA,NA,NA,NA,NA,NA,NA,NA,NA,NA,NA,NA,NA,NA,NA,NA,NA,244
KaPr.3,10/25/15,High,Bottom,3,12.50553,104.47363,Floodplain,1310,Southwest,2.5,-19.234,-35.876,30.21,303.36,0.012,6.36,-241.2,Methanogenesis,5.9,3.9,0.3,20803.148,12051.8,NA,NA,NA,0.375,265.601,0.519,0.085,23.52,244
KaPr.3,10/25/15,High,Bottom,3,12.50553,104.47363,Floodplain,1310,Southwest,2.5,-19.747,-37.339,30.21,303.36,0.012,6.36,-241.2,Methanogenesis,5.9,3.9,0.3,21684.441,13665.02,NA,NA,NA,0.375,265.601,0.519,0.085,23.52,244
KaPr.3,10/25/15,High,Bottom,3,12.50553,104.47363,Floodplain,1310,Southwest,2.5,-19.796,-37.795,30.21,303.36,0.012,6.36,-241.2,Methanogenesis,5.9,3.9,0.3,22164.658,13367.83,NA,NA,NA,0.375,265.601,0.519,0.085,23.52,244
KaPr.4,10/25/15,High,Surface,4,12.49585,104.47293,Floodplain,2030,Southwest,0.1,-33.087,-37.589,31.52,304.67,0.012,6.61,73.7,Sulfate reduction,6.8,25.1,1.8,10372.657,1058.12,NA,NA,NA,0.268,211.417,0.467,0.084,22.16,170
KaPr.4,10/25/15,High,Surface,4,12.49585,104.47293,Floodplain,2030,Southwest,0.1,-31.131,-36.731,31.52,304.67,0.012,6.61,73.7,Sulfate reduction,6.8,25.1,1.8,10229.502,699.41,NA,NA,NA,0.268,211.417,0.467,0.084,22.16,170
KaPr.4,10/25/15,High,Surface,4,12.49585,104.47293,Floodplain,2030,Southwest,0.1,-31.812,-37.248,31.52,304.67,0.012,6.61,73.7,Sulfate reduction,6.8,25.1,1.8,10793.366,873.73,NA,NA,NA,0.268,211.417,0.467,0.084,22.16,170
KaPr.4,10/25/15,High,NA,NA,NA,NA,NA,NA,NA,NA,NA,NA,NA,NA,NA,NA,NA,NA,NA,NA,NA,NA,NA,NA,NA,NA,NA,NA,NA,NA,NA,170
KaPr.4,10/25/15,High,NA,NA,NA,NA,NA,NA,NA,NA,NA,NA,NA,NA,NA,NA,NA,NA,NA,NA,NA,NA,NA,NA,NA,NA,NA,NA,NA,NA,NA,170
KaPr.4,10/25/15,High,NA,NA,NA,NA,NA,NA,NA,NA,NA,NA,NA,NA,NA,NA,NA,NA,NA,NA,NA,NA,NA,NA,NA,NA,NA,NA,NA,NA,NA,170
KaPr.4,10/25/15,High,NA,NA,NA,NA,NA,NA,NA,NA,NA,NA,NA,NA,NA,NA,NA,NA,NA,NA,NA,NA,NA,NA,NA,NA,NA,NA,NA,NA,NA,170
KaPr.4,10/25/15,High,NA,NA,NA,NA,NA,NA,NA,NA,NA,NA,NA,NA,NA,NA,NA,NA,NA,NA,NA,NA,NA,NA,NA,NA,NA,NA,NA,NA,NA,170
KaPr.4,10/25/15,High,NA,NA,NA,NA,NA,NA,NA,NA,NA,NA,NA,NA,NA,NA,NA,NA,NA,NA,NA,NA,NA,NA,NA,NA,NA,NA,NA,NA,NA,170
KaPr.4,10/25/15,High,NA,NA,NA,NA,NA,NA,NA,NA,NA,NA,NA,NA,NA,NA,NA,NA,NA,NA,NA,NA,NA,NA,NA,NA,NA,NA,NA,NA,NA,170
KaPr.4,10/25/15,High,NA,NA,NA,NA,NA,NA,NA,NA,NA,NA,NA,NA,NA,NA,NA,NA,NA,NA,NA,NA,NA,NA,NA,NA,NA,NA,NA,NA,NA,170
KaPr.4,10/25/15,High,NA,NA,NA,NA,NA,NA,NA,NA,NA,NA,NA,NA,NA,NA,NA,NA,NA,NA,NA,NA,NA,NA,NA,NA,NA,NA,NA,NA,NA,170
KaPr.4,10/25/15,High,Bottom,4,12.49585,104.47293,Floodplain,2030,Southwest,2.5,-52.021,-43.416,30.46,303.61,0.012,6.36,-214.3,Methanogenesis,8.9,3.7,0.28,19018.801,11758.05,NA,NA,NA,0.331,275.069,0.448,0.077,8.393,170
KaPr.4,10/25/15,High,Bottom,4,12.49585,104.47293,Floodplain,2030,Southwest,2.5,-52.168,-43.395,30.46,303.61,0.012,6.36,-214.3,Methanogenesis,8.9,3.7,0.28,19630.959,12223.11,NA,NA,NA,0.331,275.069,0.448,0.077,8.393,170
KaPr.4,10/25/15,High,Bottom,4,12.49585,104.47293,Floodplain,2030,Southwest,2.5,-52.061,-43.254,30.46,303.61,0.012,6.36,-214.3,Methanogenesis,8.9,3.7,0.28,19711.834,12299.63,NA,NA,NA,0.331,275.069,0.448,0.077,8.393,170
KaPr.5,10/25/15,High,Surface,5,12.48966,104.46839,Floodplain,2850,Southwest,0.1,-13.236,-35.87,31.59,304.74,0.012,6.74,190.2,Iron reduction,3.1,43.2,3.15,11610.163,577.98,-13.23,8.8,17.12,0.32,224.642,0.504,0.132,10.47,121
KaPr.5,10/25/15,High,Surface,5,12.48966,104.46839,Floodplain,2850,Southwest,0.1,-14.236,-36.107,31.59,304.74,0.012,6.74,190.2,Iron reduction,3.1,43.2,3.15,10374.587,596.45,-12.58,9.48,16.3,0.32,224.642,0.504,0.132,10.47,121
KaPr.5,10/25/15,High,Surface,5,12.48966,104.46839,Floodplain,2850,Southwest,0.1,-11.817,-31.19,31.59,304.74,0.012,6.74,190.2,Iron reduction,3.1,43.2,3.15,10070.883,544.08,-12.6,9.1,17.55,0.32,224.642,0.504,0.132,10.47,121
KaPr.5,10/25/15,High,NA,NA,NA,NA,NA,NA,NA,NA,NA,NA,NA,NA,NA,NA,NA,NA,NA,NA,NA,NA,NA,NA,NA,NA,NA,NA,NA,NA,NA,121
KaPr.5,10/25/15,High,NA,NA,NA,NA,NA,NA,NA,NA,NA,NA,NA,NA,NA,NA,NA,NA,NA,NA,NA,NA,NA,NA,NA,NA,NA,NA,NA,NA,NA,121
KaPr.5,10/25/15,High,NA,NA,NA,NA,NA,NA,NA,NA,NA,NA,NA,NA,NA,NA,NA,NA,NA,NA,NA,NA,NA,NA,NA,NA,NA,NA,NA,NA,NA,121
KaPr.5,10/25/15,High,NA,NA,NA,NA,NA,NA,NA,NA,NA,NA,NA,NA,NA,NA,NA,NA,NA,NA,NA,NA,NA,NA,NA,NA,NA,NA,NA,NA,NA,121
KaPr.5,10/25/15,High,NA,NA,NA,NA,NA,NA,NA,NA,NA,NA,NA,NA,NA,NA,NA,NA,NA,NA,NA,NA,NA,NA,NA,NA,NA,NA,NA,NA,NA,121
KaPr.5,10/25/15,High,NA,NA,NA,NA,NA,NA,NA,NA,NA,NA,NA,NA,NA,NA,NA,NA,NA,NA,NA,NA,NA,NA,NA,NA,NA,NA,NA,NA,NA,121
KaPr.5,10/25/15,High,NA,NA,NA,NA,NA,NA,NA,NA,NA,NA,NA,NA,NA,NA,NA,NA,NA,NA,NA,NA,NA,NA,NA,NA,NA,NA,NA,NA,NA,121
KaPr.5,10/25/15,High,NA,NA,NA,NA,NA,NA,NA,NA,NA,NA,NA,NA,NA,NA,NA,NA,NA,NA,NA,NA,NA,NA,NA,NA,NA,NA,NA,NA,NA,121
KaPr.5,10/25/15,High,NA,NA,NA,NA,NA,NA,NA,NA,NA,NA,NA,NA,NA,NA,NA,NA,NA,NA,NA,NA,NA,NA,NA,NA,NA,NA,NA,NA,NA,121
KaPr.5,10/25/15,High,Bottom,5,12.48966,104.46839,Floodplain,2850,Southwest,2,-37.197,-40.729,30.18,303.33,0.012,6.19,-128.4,Sulfate reduction,8.8,4.1,0.31,16274.84,5583.19,-16.07,21.81,4.74,0.454,220.374,0.413,0.116,34.92,121
KaPr.5,10/25/15,High,Bottom,5,12.48966,104.46839,Floodplain,2850,Southwest,2,-35.463,-39.742,30.18,303.33,0.012,6.19,-128.4,Sulfate reduction,8.8,4.1,0.31,14275.188,3535.78,-15.73,20.99,4.58,0.454,220.374,0.413,0.116,34.92,121
KaPr.5,10/25/15,High,Bottom,5,12.48966,104.46839,Floodplain,2850,Southwest,2,-46.839,-41.734,30.18,303.33,0.012,6.19,-128.4,Sulfate reduction,8.8,4.1,0.31,14960.003,5429.91,-15.67,21.79,4.93,0.454,220.374,0.413,0.116,34.92,121
KaPr.6,10/25/15,High,Surface,6,12.48377,104.46389,Floodplain,3610,Southwest,0.1,-33.449,-39.315,29.19,302.34,0.007,6.48,126.8,Sulfate reduction,5.7,27.2,2.08,8522.943,1400.4,NA,NA,NA,0.273,268.485,0.53,0.087,18.119,150
KaPr.6,10/25/15,High,Surface,6,12.48377,104.46389,Floodplain,3610,Southwest,0.1,-34.089,-38.92,29.19,302.34,0.007,6.48,126.8,Sulfate reduction,5.7,27.2,2.08,7877.455,1326.01,NA,NA,NA,0.273,268.485,0.53,0.087,18.119,150
KaPr.6,10/25/15,High,Surface,6,12.48377,104.46389,Floodplain,3610,Southwest,0.1,-34.445,-41.845,29.19,302.34,0.007,6.48,126.8,Sulfate reduction,5.7,27.2,2.08,7389.105,1312.16,NA,NA,NA,0.273,268.485,0.53,0.087,18.119,150
KaPr.6,10/25/15,High,Bottom,6,12.48377,104.46389,Floodplain,3610,Southwest,0.25,-35.69,-41.099,29.16,302.31,0.007,6,147.8,Iron reduction,4.8,21.6,1.63,8367.069,2056.87,NA,NA,NA,0.296,261.745,0.453,0.092,14.122,150
KaPr.6,10/25/15,High,Bottom,6,12.48377,104.46389,Floodplain,3610,Southwest,0.25,-33.954,-39.917,29.16,302.31,0.007,6,147.8,Iron reduction,4.8,21.6,1.63,10319.468,2026.22,NA,NA,NA,0.296,261.745,0.453,0.092,14.122,150
KaPr.6,10/25/15,High,Bottom,6,12.48377,104.46389,Floodplain,3610,Southwest,0.5,NA,NA,29.16,302.31,0.007,6,147.8,Iron reduction,4.8,21.6,1.63,9796.484,1931.34,NA,NA,NA,0.296,261.745,0.453,0.092,14.122,150
PrKo.1,11/4/15,High,Surface,1,13.0735,103.71883,Pelagic,-2780,Northwest,0.1,-27.09,-42.242,30.29,303.44,0.017,6.62,132.2,Sulfate reduction,15.2,11.4,0.87,16186.791,11268.8,-11.67,20.96,6.57,0.225,322.009,0.57,0.363,9.548,349
PrKo.1,11/4/15,High,Surface,1,13.0735,103.71883,Pelagic,-2780,Northwest,0.1,-27.134,-42.745,30.29,303.44,0.017,6.62,132.2,Sulfate reduction,15.2,11.4,0.87,18723.585,10373.49,-11.34,21.29,6.45,0.225,322.009,0.57,0.363,9.548,349
PrKo.1,11/4/15,High,Surface,1,13.0735,103.71883,Pelagic,-2780,Northwest,0.1,-27.15,-43.188,30.29,303.44,0.017,6.62,132.2,Sulfate reduction,15.2,11.4,0.87,15658.555,10186.01,-12.1,20.97,6.69,0.225,322.009,0.57,0.363,9.548,349
PrKo.1,11/4/15,High,Surface,1,13.0735,103.71883,Pelagic,-2780,Northwest,0.5,-27.622,-44.004,30.3,303.45,0.017,6.63,92.8,Sulfate reduction,15.3,9.8,0.74,21421.494,10055.97,NA,NA,NA,0.225,322.009,0.57,0.363,9.548,349
PrKo.1,11/4/15,High,NA,NA,NA,NA,NA,NA,NA,NA,NA,NA,NA,NA,NA,NA,NA,NA,NA,NA,NA,NA,NA,NA,NA,NA,NA,NA,NA,NA,NA,349
PrKo.1,11/4/15,High,NA,NA,NA,NA,NA,NA,NA,NA,NA,NA,NA,NA,NA,NA,NA,NA,NA,NA,NA,NA,NA,NA,NA,NA,NA,NA,NA,NA,NA,349
PrKo.1,11/4/15,High,NA,NA,NA,NA,NA,NA,NA,NA,NA,NA,NA,NA,NA,NA,NA,NA,NA,NA,NA,NA,NA,NA,NA,NA,NA,NA,NA,NA,NA,349
PrKo.1,11/4/15,High,NA,NA,NA,NA,NA,NA,NA,NA,NA,NA,NA,NA,NA,NA,NA,NA,NA,NA,NA,NA,NA,NA,NA,NA,NA,NA,NA,NA,NA,349
PrKo.1,11/4/15,High,NA,NA,NA,NA,NA,NA,NA,NA,NA,NA,NA,NA,NA,NA,NA,NA,NA,NA,NA,NA,NA,NA,NA,NA,NA,NA,NA,NA,NA,349
PrKo.1,11/4/15,High,NA,NA,NA,NA,NA,NA,NA,NA,NA,NA,NA,NA,NA,NA,NA,NA,NA,NA,NA,NA,NA,NA,NA,NA,NA,NA,NA,NA,NA,349
PrKo.1,11/4/15,High,NA,NA,NA,NA,NA,NA,NA,NA,NA,NA,NA,NA,NA,NA,NA,NA,NA,NA,NA,NA,NA,NA,NA,NA,NA,NA,NA,NA,NA,349
PrKo.1,11/4/15,High,NA,NA,NA,NA,NA,NA,NA,NA,NA,NA,NA,NA,NA,NA,NA,NA,NA,NA,NA,NA,NA,NA,NA,NA,NA,NA,NA,NA,NA,349
PrKo.1,11/4/15,High,Bottom,1,13.0735,103.71883,Pelagic,-2780,Northwest,3.5,-28.152,-43.38,30.26,303.41,0.017,6.49,51.1,Sulfate reduction,10.2,7.4,0.55,15912.924,7690.9,-12.14,27.58,1.97,0.641,325.817,0.641,0.454,173.6,349
PrKo.1,11/4/15,High,Bottom,1,13.0735,103.71883,Pelagic,-2780,Northwest,3.5,-24.635,-39.785,30.26,303.41,0.017,6.49,51.1,Sulfate reduction,10.2,7.4,0.55,16481.222,7787.23,-12.11,29.33,1.52,0.641,325.817,0.641,0.454,173.6,349
PrKo.1,11/4/15,High,Bottom,1,13.0735,103.71883,Pelagic,-2780,Northwest,3.5,-24.552,-40.658,30.26,303.41,0.017,6.49,51.1,Sulfate reduction,10.2,7.4,0.55,14789.73,7454.35,-12.1,29.19,1.76,0.641,325.817,0.641,0.454,173.6,349
PrKo.2,11/4/15,High,Surface,2,13.06167,103.69593,Edge,0,Northwest,0.1,-49.617,-41.926,30.62,303.77,0.019,6.12,-125.4,Sulfate reduction,13.1,6.1,0.46,20180.021,54350,-9.19,8.41,18.28,0.61,422.535,0.389,0.262,16.92,301
PrKo.2,11/4/15,High,Surface,2,13.06167,103.69593,Edge,0,Northwest,0.1,-49.604,-41.8,30.62,303.77,0.019,6.12,-125.4,Sulfate reduction,13.1,6.1,0.46,19588.513,55347.43,-10.48,11.35,12.85,0.61,422.535,0.389,0.262,16.92,301
PrKo.2,11/4/15,High,Surface,2,13.06167,103.69593,Edge,0,Northwest,0.1,-49.726,-42.14,30.62,303.77,0.019,6.12,-125.4,Sulfate reduction,13.1,6.1,0.46,20672.378,55753.13,-9.99,11.7,12.97,0.61,422.535,0.389,0.262,16.92,301
PrKo.2,11/4/15,High,NA,NA,NA,NA,NA,NA,NA,NA,NA,NA,NA,NA,NA,NA,NA,NA,NA,NA,NA,NA,NA,NA,NA,NA,NA,NA,NA,NA,NA,301
PrKo.2,11/4/15,High,NA,NA,NA,NA,NA,NA,NA,NA,NA,NA,NA,NA,NA,NA,NA,NA,NA,NA,NA,NA,NA,NA,NA,NA,NA,NA,NA,NA,NA,301
PrKo.2,11/4/15,High,NA,NA,NA,NA,NA,NA,NA,NA,NA,NA,NA,NA,NA,NA,NA,NA,NA,NA,NA,NA,NA,NA,NA,NA,NA,NA,NA,NA,NA,301
PrKo.2,11/4/15,High,NA,NA,NA,NA,NA,NA,NA,NA,NA,NA,NA,NA,NA,NA,NA,NA,NA,NA,NA,NA,NA,NA,NA,NA,NA,NA,NA,NA,NA,301
PrKo.2,11/4/15,High,NA,NA,NA,NA,NA,NA,NA,NA,NA,NA,NA,NA,NA,NA,NA,NA,NA,NA,NA,NA,NA,NA,NA,NA,NA,NA,NA,NA,NA,301
PrKo.2,11/4/15,High,NA,NA,NA,NA,NA,NA,NA,NA,NA,NA,NA,NA,NA,NA,NA,NA,NA,NA,NA,NA,NA,NA,NA,NA,NA,NA,NA,NA,NA,301
PrKo.2,11/4/15,High,NA,NA,NA,NA,NA,NA,NA,NA,NA,NA,NA,NA,NA,NA,NA,NA,NA,NA,NA,NA,NA,NA,NA,NA,NA,NA,NA,NA,NA,301
PrKo.2,11/4/15,High,NA,NA,NA,NA,NA,NA,NA,NA,NA,NA,NA,NA,NA,NA,NA,NA,NA,NA,NA,NA,NA,NA,NA,NA,NA,NA,NA,NA,NA,301
PrKo.2,11/4/15,High,NA,NA,NA,NA,NA,NA,NA,NA,NA,NA,NA,NA,NA,NA,NA,NA,NA,NA,NA,NA,NA,NA,NA,NA,NA,NA,NA,NA,NA,301
PrKo.2,11/4/15,High,Bottom,2,13.06167,103.69593,Edge,0,Northwest,3.5,-51.086,-40.869,30.29,303.44,0.019,6.2,-241.1,Methanogenesis,7,3.7,0.27,23895.768,37451.42,-12.03,28.67,3.78,0.102,388.06,0.415,0.139,12.52,301
PrKo.2,11/4/15,High,Bottom,2,13.06167,103.69593,Edge,0,Northwest,3.5,-50.953,-41.209,30.29,303.44,0.019,6.2,-241.1,Methanogenesis,7,3.7,0.27,23175.752,42744.05,-11.16,27.93,4.06,0.102,388.06,0.415,0.139,12.52,301
PrKo.2,11/4/15,High,Bottom,2,13.06167,103.69593,Edge,0,Northwest,3.5,-50.124,-48.112,30.29,303.44,0.019,6.2,-241.1,Methanogenesis,7,3.7,0.27,13592.749,41817.94,-13.94,25.18,4.2,0.102,388.06,0.415,0.139,12.52,301
PrKo.3,11/4/15,High,Surface,3,13.06082,103.68385,Floodplain,1380,Northwest,0.1,-15.509,-40.537,29.37,302.52,0.018,6.56,-140,Methanogenesis,14.5,14.2,1.04,15988.437,8860.79,NA,NA,NA,0.292,477.925,0.418,0.188,14.329,155
PrKo.3,11/4/15,High,Surface,3,13.06082,103.68385,Floodplain,1380,Northwest,0.1,-14.991,-39.667,29.37,302.52,0.018,6.56,-140,Methanogenesis,14.5,14.2,1.04,15158.415,5762.73,NA,NA,NA,0.292,477.925,0.418,0.188,14.329,155
PrKo.3,11/4/15,High,Surface,3,13.06082,103.68385,Floodplain,1380,Northwest,0.1,-14.574,-40.866,29.37,302.52,0.018,6.56,-140,Methanogenesis,14.5,14.2,1.04,15516.436,4020.76,NA,NA,NA,0.292,477.925,0.418,0.188,14.329,155
PrKo.3,11/4/15,High,NA,NA,NA,NA,NA,NA,NA,NA,NA,NA,NA,NA,NA,NA,NA,NA,NA,NA,NA,NA,NA,NA,NA,NA,NA,NA,NA,NA,NA,155
PrKo.3,11/4/15,High,NA,NA,NA,NA,NA,NA,NA,NA,NA,NA,NA,NA,NA,NA,NA,NA,NA,NA,NA,NA,NA,NA,NA,NA,NA,NA,NA,NA,NA,155
PrKo.3,11/4/15,High,NA,NA,NA,NA,NA,NA,NA,NA,NA,NA,NA,NA,NA,NA,NA,NA,NA,NA,NA,NA,NA,NA,NA,NA,NA,NA,NA,NA,NA,155
PrKo.3,11/4/15,High,NA,NA,NA,NA,NA,NA,NA,NA,NA,NA,NA,NA,NA,NA,NA,NA,NA,NA,NA,NA,NA,NA,NA,NA,NA,NA,NA,NA,NA,155
PrKo.3,11/4/15,High,NA,NA,NA,NA,NA,NA,NA,NA,NA,NA,NA,NA,NA,NA,NA,NA,NA,NA,NA,NA,NA,NA,NA,NA,NA,NA,NA,NA,NA,155
PrKo.3,11/4/15,High,NA,NA,NA,NA,NA,NA,NA,NA,NA,NA,NA,NA,NA,NA,NA,NA,NA,NA,NA,NA,NA,NA,NA,NA,NA,NA,NA,NA,NA,155
PrKo.3,11/4/15,High,NA,NA,NA,NA,NA,NA,NA,NA,NA,NA,NA,NA,NA,NA,NA,NA,NA,NA,NA,NA,NA,NA,NA,NA,NA,NA,NA,NA,NA,155
PrKo.3,11/4/15,High,NA,NA,NA,NA,NA,NA,NA,NA,NA,NA,NA,NA,NA,NA,NA,NA,NA,NA,NA,NA,NA,NA,NA,NA,NA,NA,NA,NA,NA,155
PrKo.3,11/4/15,High,NA,NA,NA,NA,NA,NA,NA,NA,NA,NA,NA,NA,NA,NA,NA,NA,NA,NA,NA,NA,NA,NA,NA,NA,NA,NA,NA,NA,NA,155
PrKo.3,11/4/15,High,Bottom,3,13.06082,103.68385,Floodplain,1380,Northwest,2.5,-45.77,-47.053,29.01,302.16,0.019,6.31,-238.2,Methanogenesis,16,4,0.31,20238.585,21784.29,NA,NA,NA,0.324,413.899,0.294,0.266,19.362,155
PrKo.3,11/4/15,High,Bottom,3,13.06082,103.68385,Floodplain,1380,Northwest,2.5,-45.739,-47.048,29.01,302.16,0.019,6.31,-238.2,Methanogenesis,16,4,0.31,17688.605,17174.04,NA,NA,NA,0.324,413.899,0.294,0.266,19.362,155
PrKo.3,11/4/15,High,Bottom,3,13.06082,103.68385,Floodplain,1380,Northwest,2.5,-45.536,-46.251,29.01,302.16,0.019,6.31,-238.2,Methanogenesis,16,4,0.31,20293.402,17965.85,NA,NA,NA,0.324,413.899,0.294,0.266,19.362,155
PrKo.4,11/4/15,High,Surface,4,13.05496,103.68333,Floodplain,1570,Northwest,0.1,-33.307,-41.942,28.6,301.75,0.018,6.55,-99.1,Sulfate reduction,11.5,11.9,0.9,16609.206,8696.34,NA,NA,NA,0.36,434.149,0.312,0.225,8.298,128
PrKo.4,11/4/15,High,Surface,4,13.05496,103.68333,Floodplain,1570,Northwest,0.1,-33.084,-42.125,28.6,301.75,0.018,6.55,-99.1,Sulfate reduction,11.5,11.9,0.9,16997.66,8348.28,NA,NA,NA,0.36,434.149,0.312,0.225,8.298,128
PrKo.4,11/4/15,High,Surface,4,13.05496,103.68333,Floodplain,1570,Northwest,0.1,-33.096,-42.064,28.6,301.75,0.018,6.55,-99.1,Sulfate reduction,11.5,11.9,0.9,17034.63,8897.86,NA,NA,NA,0.36,434.149,0.312,0.225,8.298,128
PrKo.4,11/4/15,High,NA,NA,NA,NA,NA,NA,NA,NA,NA,NA,NA,NA,NA,NA,NA,NA,NA,NA,NA,NA,NA,NA,NA,NA,NA,NA,NA,NA,NA,128
PrKo.4,11/4/15,High,NA,NA,NA,NA,NA,NA,NA,NA,NA,NA,NA,NA,NA,NA,NA,NA,NA,NA,NA,NA,NA,NA,NA,NA,NA,NA,NA,NA,NA,128
PrKo.4,11/4/15,High,NA,NA,NA,NA,NA,NA,NA,NA,NA,NA,NA,NA,NA,NA,NA,NA,NA,NA,NA,NA,NA,NA,NA,NA,NA,NA,NA,NA,NA,128
PrKo.4,11/4/15,High,NA,NA,NA,NA,NA,NA,NA,NA,NA,NA,NA,NA,NA,NA,NA,NA,NA,NA,NA,NA,NA,NA,NA,NA,NA,NA,NA,NA,NA,128
PrKo.4,11/4/15,High,NA,NA,NA,NA,NA,NA,NA,NA,NA,NA,NA,NA,NA,NA,NA,NA,NA,NA,NA,NA,NA,NA,NA,NA,NA,NA,NA,NA,NA,128
PrKo.4,11/4/15,High,NA,NA,NA,NA,NA,NA,NA,NA,NA,NA,NA,NA,NA,NA,NA,NA,NA,NA,NA,NA,NA,NA,NA,NA,NA,NA,NA,NA,NA,128
PrKo.4,11/4/15,High,Bottom,4,13.05496,103.68333,Floodplain,1570,Northwest,1.5,-37.052,-43.941,29.33,302.48,0.018,6.51,-223.9,Methanogenesis,14.7,4.6,0.35,18172.427,8777.05,NA,NA,NA,0.244,427.425,0.351,0.21,27.22,128
PrKo.4,11/4/15,High,Bottom,4,13.05496,103.68333,Floodplain,1570,Northwest,1.5,-37.037,-29.194,29.33,302.48,0.018,6.51,-223.9,Methanogenesis,14.7,4.6,0.35,18855.634,11828.51,NA,NA,NA,0.244,427.425,0.351,0.21,27.22,128
PrKo.4,11/4/15,High,Bottom,4,13.05496,103.68333,Floodplain,1570,Northwest,1.5,-37.215,-42.619,29.33,302.48,0.018,6.51,-223.9,Methanogenesis,14.7,4.6,0.35,18474.208,10841.27,NA,NA,NA,0.244,427.425,0.351,0.21,27.22,128
PrKo.5,11/4/15,High,Surface,5,13.03392,103.65775,Floodplain,3750,Northwest,0.1,-37.245,-39.485,28.83,301.98,0.019,6.51,127.2,Sulfate reduction,34,5.2,0.4,21672.437,24678.2,NA,NA,NA,0.269,655.535,0,0.4,0.48,81
PrKo.5,11/4/15,High,Surface,5,13.03392,103.65775,Floodplain,3750,Northwest,0.1,-37.464,-39.234,28.83,301.98,0.019,6.51,127.2,Sulfate reduction,34,5.2,0.4,22601.819,27937.58,NA,NA,NA,0.269,655.535,0,0.4,0.48,81
PrKo.5,11/4/15,High,Surface,5,13.03392,103.65775,Floodplain,3750,Northwest,0.1,-37.345,-38.516,28.83,301.98,0.019,6.51,127.2,Sulfate reduction,34,5.2,0.4,23234.514,27688.11,NA,NA,NA,0.269,655.535,0,0.4,0.48,81
PrKo.5,11/4/15,High,NA,NA,NA,NA,NA,NA,NA,NA,NA,NA,NA,NA,NA,NA,NA,NA,NA,NA,NA,NA,NA,NA,NA,NA,NA,NA,NA,NA,NA,81
PrKo.5,11/4/15,High,NA,NA,NA,NA,NA,NA,NA,NA,NA,NA,NA,NA,NA,NA,NA,NA,NA,NA,NA,NA,NA,NA,NA,NA,NA,NA,NA,NA,NA,81
PrKo.5,11/4/15,High,NA,NA,NA,NA,NA,NA,NA,NA,NA,NA,NA,NA,NA,NA,NA,NA,NA,NA,NA,NA,NA,NA,NA,NA,NA,NA,NA,NA,NA,81
PrKo.5,11/4/15,High,NA,NA,NA,NA,NA,NA,NA,NA,NA,NA,NA,NA,NA,NA,NA,NA,NA,NA,NA,NA,NA,NA,NA,NA,NA,NA,NA,NA,NA,81
PrKo.5,11/4/15,High,NA,NA,NA,NA,NA,NA,NA,NA,NA,NA,NA,NA,NA,NA,NA,NA,NA,NA,NA,NA,NA,NA,NA,NA,NA,NA,NA,NA,NA,81
PrKo.5,11/4/15,High,NA,NA,NA,NA,NA,NA,NA,NA,NA,NA,NA,NA,NA,NA,NA,NA,NA,NA,NA,NA,NA,NA,NA,NA,NA,NA,NA,NA,NA,81
PrKo.5,11/4/15,High,NA,NA,NA,NA,NA,NA,NA,NA,NA,NA,NA,NA,NA,NA,NA,NA,NA,NA,NA,NA,NA,NA,NA,NA,NA,NA,NA,NA,NA,81
PrKo.5,11/4/15,High,NA,NA,NA,NA,NA,NA,NA,NA,NA,NA,NA,NA,NA,NA,NA,NA,NA,NA,NA,NA,NA,NA,NA,NA,NA,NA,NA,NA,NA,81
PrKo.5,11/4/15,High,NA,NA,NA,NA,NA,NA,NA,NA,NA,NA,NA,NA,NA,NA,NA,NA,NA,NA,NA,NA,NA,NA,NA,NA,NA,NA,NA,NA,NA,81
PrKo.5,11/4/15,High,Bottom,5,13.03392,103.65775,Floodplain,3750,Northwest,1.5,-36.818,-42.858,28.83,301.98,0.019,6.48,-192.2,Methanogenesis,44.1,4,0.31,21367.734,18744.24,NA,NA,NA,0.431,635.172,0.384,0.359,44.66,81
PrKo.5,11/4/15,High,Bottom,5,13.03392,103.65775,Floodplain,3750,Northwest,1.5,-36.772,-41.434,28.83,301.98,0.019,6.48,-192.2,Methanogenesis,44.1,4,0.31,19816.598,15569.69,NA,NA,NA,0.431,635.172,0.384,0.359,44.66,81
PrKo.5,11/4/15,High,Bottom,5,13.03392,103.65775,Floodplain,3750,Northwest,1.5,-36.672,-40.633,28.83,301.98,0.019,6.48,-192.2,Methanogenesis,44.1,4,0.31,19856.1,18655.86,NA,NA,NA,0.431,635.172,0.384,0.359,44.66,81
PrKo.6,11/4/15,High,Surface,6,13.04305,103.66675,Floodplain,5150,Northwest,0.1,-30.518,-34.616,29.51,302.66,0.012,6.39,2.4,Sulfate reduction,15.5,10,0.76,20326.595,14946.14,-10.79,27.14,2.87,0.391,615.576,0.262,0.271,11.609,86
PrKo.6,11/4/15,High,Surface,6,13.04305,103.66675,Floodplain,5150,Northwest,0.1,-29.219,-36.096,29.51,302.66,0.012,6.39,2.4,Sulfate reduction,15.5,10,0.76,21402.073,15554.81,-11.41,25.46,2.77,0.391,615.576,0.262,0.271,11.609,86
PrKo.6,11/4/15,High,Surface,6,13.04305,103.66675,Floodplain,5150,Northwest,0.1,-29.41,-36.583,29.51,302.66,0.012,6.39,2.4,Sulfate reduction,15.5,10,0.76,20390.055,16106.78,-11.47,25.46,3.05,0.391,615.576,0.262,0.271,11.609,86
PrKo.6,11/4/15,High,NA,NA,NA,NA,NA,NA,NA,NA,NA,NA,NA,NA,NA,NA,NA,NA,NA,NA,NA,NA,NA,NA,NA,NA,NA,NA,NA,NA,NA,86
PrKo.6,11/4/15,High,NA,NA,NA,NA,NA,NA,NA,NA,NA,NA,NA,NA,NA,NA,NA,NA,NA,NA,NA,NA,NA,NA,NA,NA,NA,NA,NA,NA,NA,86
PrKo.6,11/4/15,High,NA,NA,NA,NA,NA,NA,NA,NA,NA,NA,NA,NA,NA,NA,NA,NA,NA,NA,NA,NA,NA,NA,NA,NA,NA,NA,NA,NA,NA,86
PrKo.6,11/4/15,High,NA,NA,NA,NA,NA,NA,NA,NA,NA,NA,NA,NA,NA,NA,NA,NA,NA,NA,NA,NA,NA,NA,NA,NA,NA,NA,NA,NA,NA,86
PrKo.6,11/4/15,High,NA,NA,NA,NA,NA,NA,NA,NA,NA,NA,NA,NA,NA,NA,NA,NA,NA,NA,NA,NA,NA,NA,NA,NA,NA,NA,NA,NA,NA,86
PrKo.6,11/4/15,High,NA,NA,NA,NA,NA,NA,NA,NA,NA,NA,NA,NA,NA,NA,NA,NA,NA,NA,NA,NA,NA,NA,NA,NA,NA,NA,NA,NA,NA,86
PrKo.6,11/4/15,High,Bottom,6,13.04305,103.66675,Floodplain,5150,Northwest,1,-35.473,-39.663,29.3,302.45,0.012,6.39,-110.4,Sulfate reduction,25.3,5,0.38,21561.916,17604.96,-11.27,27.04,3.85,0.379,558.836,0.325,0.316,30.48,86
PrKo.6,11/4/15,High,Bottom,6,13.04305,103.66675,Floodplain,5150,Northwest,1,-35.169,-40.684,29.3,302.45,0.012,6.39,-110.4,Sulfate reduction,25.3,5,0.38,20527.154,19187.52,-10.7,25.83,4.31,0.379,558.836,0.325,0.316,30.48,86
PrKo.6,11/4/15,High,Bottom,6,13.04305,103.66675,Floodplain,5150,Northwest,1,-35.336,-40.783,29.3,302.45,0.012,6.39,-110.4,Sulfate reduction,25.3,5,0.38,21500.27,17880.86,-11.65,26.03,4.14,0.379,558.836,0.325,0.316,30.48,86
AnRe.1,3/3/16,Falling,Surface,1,12.65388,104.16687,Pelagic,-1960,Central,0.1,-57.257,-36.875,29.94,303.09,0.016,6.58,254.6,Manganese reduction,20.6,NA,NA,25389.102,5.8,-6.68,23.34,20.66,0.945,726.69,17.786,0.207,1.303,365
AnRe.1,3/3/16,Falling,Surface,1,12.65388,104.16687,Pelagic,-1960,Central,0.1,-61.436,-37.091,29.94,303.09,0.016,6.58,254.6,Manganese reduction,20.6,NA,NA,25387.99,5.8,-11.04,22.68,20.86,0.945,726.69,17.786,0.207,1.303,365
AnRe.1,3/3/16,Falling,Surface,1,12.65388,104.16687,Pelagic,-1960,Central,0.1,-54.797,-37.135,29.94,303.09,0.016,6.58,254.6,Manganese reduction,20.6,NA,NA,25952.476,5.8,-10.31,20.57,22.6,0.945,726.69,17.786,0.207,1.303,365
AnRe.1,3/3/16,Falling,NA,NA,NA,NA,NA,NA,NA,NA,NA,NA,NA,NA,NA,NA,NA,NA,NA,NA,NA,NA,NA,NA,NA,NA,NA,NA,NA,NA,NA,365
AnRe.1,3/3/16,Falling,NA,NA,NA,NA,NA,NA,NA,NA,NA,NA,NA,NA,NA,NA,NA,NA,NA,NA,NA,NA,NA,NA,NA,NA,NA,NA,NA,NA,NA,365
AnRe.1,3/3/16,Falling,NA,NA,NA,NA,NA,NA,NA,NA,NA,NA,NA,NA,NA,NA,NA,NA,NA,NA,NA,NA,NA,NA,NA,NA,NA,NA,NA,NA,NA,365
AnRe.1,3/3/16,Falling,NA,NA,NA,NA,NA,NA,NA,NA,NA,NA,NA,NA,NA,NA,NA,NA,NA,NA,NA,NA,NA,NA,NA,NA,NA,NA,NA,NA,NA,365
AnRe.1,3/3/16,Falling,NA,NA,NA,NA,NA,NA,NA,NA,NA,NA,NA,NA,NA,NA,NA,NA,NA,NA,NA,NA,NA,NA,NA,NA,NA,NA,NA,NA,NA,365
AnRe.1,3/3/16,Falling,NA,NA,NA,NA,NA,NA,NA,NA,NA,NA,NA,NA,NA,NA,NA,NA,NA,NA,NA,NA,NA,NA,NA,NA,NA,NA,NA,NA,NA,365
AnRe.1,3/3/16,Falling,NA,NA,NA,NA,NA,NA,NA,NA,NA,NA,NA,NA,NA,NA,NA,NA,NA,NA,NA,NA,NA,NA,NA,NA,NA,NA,NA,NA,NA,365
AnRe.1,3/3/16,Falling,NA,NA,NA,NA,NA,NA,NA,NA,NA,NA,NA,NA,NA,NA,NA,NA,NA,NA,NA,NA,NA,NA,NA,NA,NA,NA,NA,NA,NA,365
AnRe.1,3/3/16,Falling,NA,NA,NA,NA,NA,NA,NA,NA,NA,NA,NA,NA,NA,NA,NA,NA,NA,NA,NA,NA,NA,NA,NA,NA,NA,NA,NA,NA,NA,365
AnRe.1,3/3/16,Falling,Bottom,1,12.65388,104.16687,Pelagic,-1960,Central,1.25,-60.319,-37.86,26.83,299.98,0.016,6.74,-32.1,Sulfate reduction,20.6,NA,NA,44515.697,5.8,-11.23,26.6,17.01,0.072,716.348,28.228,0.088,18.66,365
AnRe.1,3/3/16,Falling,Bottom,1,12.65388,104.16687,Pelagic,-1960,Central,1.25,-57.984,-38.192,26.83,299.98,0.016,6.74,-32.1,Sulfate reduction,20.6,NA,NA,41055.821,115.54,-11.51,26.81,16.99,0.072,716.348,28.228,0.088,18.66,365
AnRe.1,3/3/16,Falling,Bottom,1,12.65388,104.16687,Pelagic,-1960,Central,1.25,-60.632,-38.743,26.83,299.98,0.016,6.74,-32.1,Sulfate reduction,20.6,NA,NA,40103.546,118.1,-11.08,26.28,17.07,0.072,716.348,28.228,0.088,18.66,365
AnRe.2,3/3/16,Falling,Surface,2,12.65222,104.14899,Edge,0,Central,0.1,-50.841,-38.126,25.44,298.59,0.016,6.07,96.6,Sulfate reduction,16.8,0,0,21958.16,7500.06,-13.6,22.8,14.64,0.158,627.329,1.168,0.212,7.214,301
AnRe.2,3/3/16,Falling,Surface,2,12.65222,104.14899,Edge,0,Central,0.1,-49.113,-41.028,25.44,298.59,0.016,6.07,96.6,Sulfate reduction,16.8,0,0,27759.596,8036.83,-13.2,22.77,14.5,0.158,627.329,1.168,0.212,7.214,301
AnRe.2,3/3/16,Falling,Surface,2,12.65222,104.14899,Edge,0,Central,0.1,-49.098,-40.277,25.44,298.59,0.016,6.07,96.6,Sulfate reduction,16.8,0,0,26496.732,7202.93,-13.01,22.77,14.97,0.158,627.329,1.168,0.212,7.214,301
AnRe.2,3/3/16,Falling,Bottom,2,12.65222,104.14899,Edge,0,Central,0.25,-49.436,-40.701,25.44,298.59,0.016,6.07,96.6,Sulfate reduction,16.8,0,0,27245.629,7226.69,NA,NA,NA,NA,NA,NA,NA,NA,301
AnRe.2,3/3/16,Falling,Bottom,2,12.65222,104.14899,Edge,0,Central,0.25,-49.833,-37.678,25.44,298.59,0.016,6.07,96.6,Sulfate reduction,16.8,0,0,20327.032,6032.98,NA,NA,NA,NA,NA,NA,NA,NA,301
AnRe.2,3/3/16,Falling,Bottom,2,12.65222,104.14899,Edge,0,Central,0.25,-49.303,-41.002,25.44,298.59,0.016,6.07,96.6,Sulfate reduction,16.8,0,0,19801.615,5628.63,NA,NA,NA,NA,NA,NA,NA,NA,301
KaPr.1,3/2/16,Falling,Surface,1,12.51286,104.48435,Pelagic,-390,Southwest,0.1,-56.301,-37.972,28.59,301.74,0.017,6.95,485.5,Nitrate reduction,16.1,82.1,6.4,25234.871,291.39,-10.85,25.29,17.47,1.43,721.619,57.797,0.327,1.226,327
KaPr.1,3/2/16,Falling,Surface,1,12.51286,104.48435,Pelagic,-390,Southwest,0.1,-49.477,-31.95,28.59,301.74,0.017,6.95,485.5,Nitrate reduction,16.1,82.1,6.4,21816.705,241.62,-11.74,25.12,17.76,1.43,721.619,57.797,0.327,1.226,327
KaPr.1,3/2/16,Falling,Surface,1,12.51286,104.48435,Pelagic,-390,Southwest,0.1,-31.973,-33.195,28.59,301.74,0.017,6.95,485.5,Nitrate reduction,16.1,82.1,6.4,28799.711,308.58,-10.86,25.28,17.32,1.43,721.619,57.797,0.327,1.226,327
KaPr.1,3/2/16,Falling,NA,NA,NA,NA,NA,NA,NA,NA,NA,NA,NA,NA,NA,NA,NA,NA,NA,NA,NA,NA,NA,NA,NA,NA,NA,NA,NA,NA,NA,327
KaPr.1,3/2/16,Falling,NA,NA,NA,NA,NA,NA,NA,NA,NA,NA,NA,NA,NA,NA,NA,NA,NA,NA,NA,NA,NA,NA,NA,NA,NA,NA,NA,NA,NA,327
KaPr.1,3/2/16,Falling,NA,NA,NA,NA,NA,NA,NA,NA,NA,NA,NA,NA,NA,NA,NA,NA,NA,NA,NA,NA,NA,NA,NA,NA,NA,NA,NA,NA,NA,327
KaPr.1,3/2/16,Falling,NA,NA,NA,NA,NA,NA,NA,NA,NA,NA,NA,NA,NA,NA,NA,NA,NA,NA,NA,NA,NA,NA,NA,NA,NA,NA,NA,NA,NA,327
KaPr.1,3/2/16,Falling,NA,NA,NA,NA,NA,NA,NA,NA,NA,NA,NA,NA,NA,NA,NA,NA,NA,NA,NA,NA,NA,NA,NA,NA,NA,NA,NA,NA,NA,327
KaPr.1,3/2/16,Falling,NA,NA,NA,NA,NA,NA,NA,NA,NA,NA,NA,NA,NA,NA,NA,NA,NA,NA,NA,NA,NA,NA,NA,NA,NA,NA,NA,NA,NA,327
KaPr.1,3/2/16,Falling,Bottom,1,12.51286,104.48435,Pelagic,-390,Southwest,1.5,-42.085,-37.424,27.06,300.21,0.017,7.12,564,Nitrate reduction,25.2,80.2,6.39,33563.278,126.4,-7.63,26.52,16.72,0,549.001,61.709,0.077,25.94,327
KaPr.1,3/2/16,Falling,Bottom,1,12.51286,104.48435,Pelagic,-390,Southwest,1.5,-35.135,-37.651,27.06,300.21,0.017,7.12,564,Nitrate reduction,25.2,80.2,6.39,28609.206,164.81,-10.72,26.69,16.55,0,549.001,61.709,0.077,25.94,327
KaPr.1,3/2/16,Falling,Bottom,1,12.51286,104.48435,Pelagic,-390,Southwest,1.5,-35.598,-38.763,27.06,300.21,0.017,7.12,564,Nitrate reduction,25.2,80.2,6.39,29011.275,180.95,-10.51,26.8,15.16,0,549.001,61.709,0.077,25.94,327
KaPr.2,3/2/16,Falling,Surface,2,12.51012,104.48435,Edge,0,Southwest,0.1,-73.087,-44.063,29.01,302.16,0.015,6.66,392,Nitrate reduction,16.1,0,0,19755.998,480.56,-7.87,34.18,10.42,0.051,439.522,51.317,0.811,14.08,301
KaPr.2,3/2/16,Falling,Surface,2,12.51012,104.48435,Edge,0,Southwest,0.1,-71.194,-49.509,29.01,302.16,0.015,6.66,392,Nitrate reduction,16.1,0,0,20700.975,415.84,-12.61,48.45,NA,0.051,439.522,51.317,0.811,14.08,301
KaPr.2,3/2/16,Falling,Surface,2,12.51012,104.48435,Edge,0,Southwest,0.1,-61.897,-38.264,29.01,302.16,0.015,6.66,392,Nitrate reduction,16.1,0,0,27695.118,5251.23,-10.73,28.78,14.63,0.051,439.522,51.317,0.811,14.08,301
KaPr.2,3/2/16,Falling,Bottom,2,12.51012,104.48435,Edge,0,Southwest,0.25,-73.224,-50.091,29.01,302.16,0.015,6.66,392,Nitrate reduction,16.1,0,0,20820.022,94.94,NA,NA,NA,NA,NA,NA,NA,NA,301
KaPr.2,3/2/16,Falling,Bottom,2,12.51012,104.48435,Edge,0,Southwest,0.25,-80.42,-49.235,29.01,302.16,0.015,6.66,392,Nitrate reduction,16.1,0,0,15122.655,44.68,NA,NA,NA,NA,NA,NA,NA,NA,301
KaPr.2,3/2/16,Falling,Bottom,2,12.51012,104.48435,Edge,0,Southwest,0.25,-74.636,-48.927,29.01,302.16,0.015,6.66,392,Nitrate reduction,16.1,0,0,19905.141,385.34,NA,NA,NA,NA,NA,NA,NA,NA,301
PrKo.1,3/7/16,Falling,Surface,1,13.0735,103.71883,Pelagic,-2780,Northwest,0.1,-64.385,-31.851,33.15,306.3,0.017,8.42,123.8,Sulfate reduction,NA,NA,NA,13815.708,5.8,-7.48,20.16,22.76,0.377,647.383,1.5,0.135,0.894,349
PrKo.1,3/7/16,Falling,Surface,1,13.0735,103.71883,Pelagic,-2780,Northwest,0.1,-78.038,-30.5,33.15,306.3,0.017,8.42,123.8,Sulfate reduction,NA,NA,NA,16591.506,5.8,-8.14,19.87,22.7,0.377,647.383,1.5,0.135,0.894,349
PrKo.1,3/7/16,Falling,Surface,1,13.0735,103.71883,Pelagic,-2780,Northwest,0.1,-85.188,-30.259,33.15,306.3,0.017,8.42,123.8,Sulfate reduction,NA,NA,NA,15601.519,5.8,-9.43,20.59,22.71,0.377,647.383,1.5,0.135,0.894,349
PrKo.1,3/7/16,Falling,NA,NA,NA,NA,NA,NA,NA,NA,NA,NA,NA,NA,NA,NA,NA,NA,NA,NA,NA,NA,NA,NA,NA,NA,NA,NA,NA,NA,NA,349
PrKo.1,3/7/16,Falling,NA,NA,NA,NA,NA,NA,NA,NA,NA,NA,NA,NA,NA,NA,NA,NA,NA,NA,NA,NA,NA,NA,NA,NA,NA,NA,NA,NA,NA,349
PrKo.1,3/7/16,Falling,NA,NA,NA,NA,NA,NA,NA,NA,NA,NA,NA,NA,NA,NA,NA,NA,NA,NA,NA,NA,NA,NA,NA,NA,NA,NA,NA,NA,NA,349
PrKo.1,3/7/16,Falling,Bottom,1,13.0735,103.71883,Pelagic,-2780,Northwest,0.5,-64.618,-32.988,33.08,306.23,0.017,8.3,140.3,Sulfate reduction,NA,NA,NA,17939.235,5.8,-11.15,21.8,21.1,0.41,644.588,0.501,0.198,0.611,349
PrKo.1,3/7/16,Falling,Bottom,1,13.0735,103.71883,Pelagic,-2780,Northwest,0.5,-63.029,-32.469,33.08,306.23,0.017,8.3,140.3,Sulfate reduction,NA,NA,NA,15416.509,5.8,-11.61,21.31,21.8,0.41,644.588,0.501,0.198,0.611,349
PrKo.1,3/7/16,Falling,Bottom,1,13.0735,103.71883,Pelagic,-2780,Northwest,0.5,-66.626,-31.575,33.08,306.23,0.017,8.3,140.3,Sulfate reduction,NA,NA,NA,16635.76,5.8,-11.07,21.58,21.99,0.41,644.588,0.501,0.198,0.611,349
PrKo.2,3/7/16,Falling,Surface,2,13.06167,103.69593,Edge,0,Northwest,0.1,-64.363,-31.389,33.7,306.85,0.017,8.36,NA,NA,4.8,NA,NA,25057.179,110.22,-10.106,16.512,32.124,0.369,334.636,0.631,0.137,0.797,301
PrKo.2,3/7/16,Falling,Surface,2,13.06167,103.69593,Edge,0,Northwest,0.1,-67.497,-32.446,33.7,306.85,0.017,8.36,NA,NA,4.8,NA,NA,28450.64,139.12,-10.173,16.082,32.469,0.369,334.636,0.631,0.137,0.797,301
PrKo.2,3/7/16,Falling,Surface,2,13.06167,103.69593,Edge,0,Northwest,0.1,-67.003,-33.078,33.7,306.85,0.017,8.36,NA,NA,4.8,NA,NA,31518.382,206.03,-11.198,15.826,32.762,0.369,334.636,0.631,0.137,0.797,301
PrKo.2,3/7/16,Falling,Bottom,2,13.06167,103.69593,Edge,0,Northwest,0.25,-95.216,-34.238,33.7,306.85,0.017,8.3,NA,NA,4.8,NA,NA,40278.659,405.06,NA,NA,NA,NA,NA,NA,NA,NA,301
PrKo.2,3/7/16,Falling,Bottom,2,13.06167,103.69593,Edge,0,Northwest,0.25,-97.306,-35.637,33.7,306.85,0.017,8.3,NA,NA,4.8,NA,NA,29368.392,162.51,NA,NA,NA,NA,NA,NA,NA,NA,301
PrKo.2,3/7/16,Falling,Bottom,2,13.06167,103.69593,Edge,0,Northwest,0.25,-89.72,-33.403,33.7,306.85,0.017,8.3,NA,NA,4.8,NA,NA,29968.239,160.41,NA,NA,NA,NA,NA,NA,NA,NA,301